IP,Address,Port,Code,Country,Anonymity,Google,Https,Last Checked
95.79.55.196,53281,RU,Russian Federation,elite proxy,no,yes,4 seconds ago,
,,,,,,,,
125.26.99.185,36525,TH,Thailand,elite proxy,no,yes,4 seconds ago,
,,,,,,,,
78.29.46.205,8080,RU,Russian Federation,elite proxy,no,yes,4 seconds ago,
,,,,,,,,
110.50.84.231,42851,ID,Indonesia,elite proxy,no,yes,4 seconds ago,
,,,,,,,,
46.151.108.6,41171,RU,Russian Federation,elite proxy,no,yes,1 minute ago,
,,,,,,,,
103.122.90.182,53281,BD,Bangladesh,elite proxy,no,yes,1 minute ago,
,,,,,,,,
96.9.77.71,8080,KH,Cambodia,elite proxy,no,yes,1 minute ago,
,,,,,,,,
212.83.174.222,3838,FR,France,elite proxy,no,yes,2 minutes ago,
,,,,,,,,
1.10.189.156,32078,TH,Thailand,elite proxy,no,yes,2 minutes ago,
,,,,,,,,
77.104.250.189,43394,CZ,Czech Republic,elite proxy,no,yes,2 minutes ago,
,,,,,,,,
195.154.44.232,3838,FR,France,elite proxy,no,yes,2 minutes ago,
,,,,,,,,
92.60.190.249,50335,UA,Ukraine,elite proxy,no,yes,2 minutes ago,
,,,,,,,,
116.212.129.58,59557,KH,Cambodia,elite proxy,no,yes,2 minutes ago,
,,,,,,,,
201.149.34.167,8080,MX,Mexico,elite proxy,no,yes,2 minutes ago,
,,,,,,,,
210.63.206.156,80,TW,Taiwan,elite proxy,no,yes,2 minutes ago,
,,,,,,,,
45.224.231.123,8080,HN,Honduras,elite proxy,no,yes,2 minutes ago,
,,,,,,,,
191.97.45.5,23500,AR,Argentina,elite proxy,no,yes,2 minutes ago,
,,,,,,,,
103.214.112.19,8888,ID,Indonesia,elite proxy,no,yes,2 minutes ago,
,,,,,,,,
20.188.41.179,80,FR,France,elite proxy,no,yes,2 minutes ago,
,,,,,,,,
161.202.226.194,80,JP,Japan,elite proxy,no,yes,2 minutes ago,
,,,,,,,,
14.207.42.19,3128,TH,Thailand,elite proxy,no,yes,5 minutes ago,
,,,,,,,,
95.174.67.50,18080,NL,Netherlands,elite proxy,no,yes,5 minutes ago,
,,,,,,,,
199.191.56.218,3128,US,United States,elite proxy,no,yes,10 minutes ago,
,,,,,,,,
79.137.44.85,3129,ES,Spain,elite proxy,no,yes,10 minutes ago,
,,,,,,,,
1.20.101.149,44778,TH,Thailand,elite proxy,no,yes,10 minutes ago,
,,,,,,,,
212.87.220.2,3128,US,United States,elite proxy,no,yes,10 minutes ago,
,,,,,,,,
103.146.177.39,80,IN,India,elite proxy,no,yes,10 minutes ago,
,,,,,,,,
162.144.105.45,3838,US,United States,elite proxy,no,yes,21 minutes ago,
,,,,,,,,
187.130.139.197,8080,MX,Mexico,elite proxy,no,yes,21 minutes ago,
,,,,,,,,
103.241.227.108,6666,IN,India,elite proxy,no,yes,21 minutes ago,
,,,,,,,,
125.26.99.186,41358,TH,Thailand,elite proxy,no,yes,21 minutes ago,
,,,,,,,,
183.88.193.26,8080,TH,Thailand,elite proxy,no,yes,21 minutes ago,
,,,,,,,,
197.254.30.142,8080,KE,Kenya,elite proxy,no,yes,21 minutes ago,
,,,,,,,,
103.56.235.186,443,ID,Indonesia,elite proxy,no,yes,21 minutes ago,
,,,,,,,,
46.225.241.66,3128,IR,Iran,elite proxy,no,yes,21 minutes ago,
,,,,,,,,
45.224.229.28,8080,US,United States,elite proxy,no,yes,21 minutes ago,
,,,,,,,,
193.95.228.13,53281,SI,Slovenia,elite proxy,no,yes,21 minutes ago,
,,,,,,,,
181.119.73.5,54697,AR,Argentina,elite proxy,no,yes,21 minutes ago,
,,,,,,,,
193.228.109.159,8118,JP,Japan,elite proxy,no,yes,21 minutes ago,
,,,,,,,,
36.67.27.189,39674,ID,Indonesia,elite proxy,no,yes,31 minutes ago,
,,,,,,,,
43.229.73.232,43725,IN,India,elite proxy,no,yes,31 minutes ago,
,,,,,,,,
194.88.158.17,31880,PL,Poland,elite proxy,no,yes,31 minutes ago,
,,,,,,,,
186.232.15.9,45849,BR,Brazil,elite proxy,no,yes,31 minutes ago,
,,,,,,,,
37.26.136.181,52271,MD,"Moldova, Republic of",elite proxy,no,yes,31 minutes ago,
,,,,,,,,
95.165.252.94,55443,RU,Russian Federation,elite proxy,no,yes,31 minutes ago,
,,,,,,,,
91.135.148.198,51498,RU,Russian Federation,elite proxy,no,yes,32 minutes ago,
